student_id,student_name,exam_score,grade
1,Emanuel Columbell,76,C
2,Bren Britto,73,C
3,Hannah Petranek,89,B
4,Sherline Balcombe,72,C
5,Sib Levene,78,C
6,Dew Adnett,80,B
7,Hayward Cawker,100,A
8,Gusty Davidsohn,65,D
9,Belva Fer,78,C
10,Oona Bissiker,87,B
11,Andee Pllu,94,A
12,Appolonia Wormstone,93,A
13,Daveta Goade,98,A
14,Georgina Joriot,39,F
15,Cory McRamsey,94,A
16,Alyss Ibbotson,33,F
17,Stavros Eddleston,91,A
18,Katie Astridge,43,F
19,Lon Waldram,68,D
20,Kaye Marshall,39,F
21,Nollie Temby,83,B
22,Otha Casaro,93,A
23,Michel Westphal,64,D
24,Timotheus O'Shaughnessy,70,C
25,Quinlan Rubinowicz,65,D
26,Gale Darrigoe,89,B
27,Eleni Rushe,83,B
28,Marrissa Uren,95,A
29,Michel Carlens,31,F
30,Hamid Gabbat,34,F
31,Nadine Tofful,54,E
32,Madelina Nattriss,76,C
33,Meagan Elward,80,B
34,Meredithe Billo,30,F
35,Matthaeus Gibbard,88,B
36,Tatiania Roache,99,A
37,Joaquin Allin,84,B
38,Juliet Orrobin,37,F
39,Bab Willes,37,F
40,Francis McSperron,53,E
41,Joey Hunnywell,97,A
42,Alleyn Oldis,45,F
43,Sandi Vasentsov,66,D
44,Iggie Denyagin,70,C
45,Corly Jindrak,91,A
46,Martita Coon,79,C
47,Huntington Westbrook,99,A
48,Gracia Giovanizio,71,C
49,Rayshell Howroyd,69,D
50,Lauryn Airth,67,D
51,Rennie Beeton,40,F
52,Sig Coalburn,54,E
53,Cymbre Pieter,90,A
54,Huntley Chong,100,A
55,Carola Helsby,31,F
56,Finley Berkley,70,C
57,Magnum Fusedale,56,E
58,Tobie Lampard,58,E
59,Barbra Julyan,82,B
60,Friedrick D'Almeida,46,F
61,Ferris Norwell,77,C
62,Rosalynd Cockerton,81,B
63,Valerye Scolts,63,D
64,Far Kenchington,97,A
65,Lu Whereat,50,E
66,Lurette Archley,49,F
67,Clementia Shalcras,92,A
68,Jerald Oxx,52,E
69,Tam Cattroll,76,C
70,Hanan Mandifield,30,F
71,Den Bickerdicke,63,D
72,Rachael Fleischmann,47,F
73,Filip Chastelain,51,E
74,Perry Foakes,70,C
75,Gavra Vondruska,37,F
76,Thedrick Cheasman,96,A
77,Darline Fallowes,100,A
78,Jarvis Ellson,83,B
79,Emmerich Youens,96,A
80,Barb Mix,51,E
81,Jarvis Pude,30,F
82,Phyllis Oguz,35,F
83,Genvieve Ridolfo,93,A
84,Elset Erskine Sandys,62,D
85,Dawna Kinder,67,D
86,Martha Bartolozzi,87,B
87,Lew Corr,92,A
88,Riley Bolte,84,B
89,Cecelia Gerrets,60,D
90,Elroy Rawling,46,F
91,Paolo Petruszka,71,C
92,Quintilla Dymoke,56,E
93,Carlyle Thresher,99,A
94,Ike Barnwille,92,A
95,Maurise Hoxey,51,E
96,Shawn Buckthorpe,100,A
97,Mariquilla Ellson,87,B
98,Nels Clutton,46,F
99,Lu Rhodef,88,B
100,Marabel Burdoun,63,D
101,Cathrin Jenckes,88,B
102,Adah Daldry,99,A
103,Haleigh Christophle,63,D
104,Peyton Tangye,97,A
105,Denver Hazelgreave,97,A
106,Duffie Burdge,95,A
107,Sterling Quilliam,86,B
108,Adolphe Craigs,48,F
109,Audrie Desborough,97,A
110,Madeline Iles,97,A
111,Morgan Wreford,85,B
112,Franzen Alflatt,91,A
113,Killy Snelman,63,D
114,Mickey Weiss,76,C
115,Nadiya Munt,41,F
116,Lilah Scibsey,37,F
117,Kris Camilleri,100,A
118,Susanne Bonevant,70,C
119,Pearce Buxton,76,C
120,Maryellen Hyett,58,E
121,Harald D'Alessio,56,E
122,Andria Franchi,68,D
123,Ennis Larraway,55,E
124,Danell Tiller,61,D
125,Jefferson Moen,81,B
126,Jacklyn Face,30,F
127,Robbyn Foulcher,82,B
128,Madison Averall,55,E
129,Gerrilee Hernik,80,B
130,Karoly Millions,51,E
131,Lauren Abbets,54,E
132,Lannie Bosanko,49,F
133,Freida MacNair,64,D
134,Jeffie Cramb,35,F
135,Suki MacSwayde,69,D
136,Hollyanne Bridgeman,91,A
137,Baxy de Najera,90,A
138,Troy Van de Velde,50,E
139,Keith Siggins,96,A
140,Rebe Wreath,90,A
141,Norbie Girardi,89,B
142,Correy Esland,49,F
143,Marje Haddow,61,D
144,Dave Wackley,48,F
145,Caprice Yushmanov,82,B
146,Othello Sanper,73,C
147,Maighdiln Pearmine,53,E
148,Jasen Burehill,82,B
149,Cacilie Philcott,50,E
150,Sergeant Raatz,83,B
151,Hope Scothorne,63,D
152,Nefen Andreia,36,F
153,Ariana Ruskin,91,A
154,Missie Wadlow,100,A
155,Philomena Aggiss,63,D
156,Katerina Ranald,44,F
157,Sonja Ambresin,99,A
158,Jedidiah Ivoshin,39,F
159,Frankie Churching,94,A
160,Bernette Duggan,53,E
161,Jodi Hemms,45,F
162,Christa Vahl,92,A
163,Rosetta Camblin,83,B
164,Reilly Luten,66,D
165,Lenore Bretton,37,F
166,Mirella Brisland,59,E
167,Carline Hazeley,42,F
168,Wendye Spriggs,94,A
169,Marni Jaycox,35,F
170,Rutherford Connerly,78,C
171,Garv Vlasin,74,C
172,Abeu Broseke,49,F
173,Nathalie Popeley,40,F
174,Nora Ghelardoni,46,F
175,Idelle Josskoviz,85,B
176,Amil Rumens,57,E
177,Udale Snartt,87,B
178,Hasheem Umfrey,62,D
179,Harold Crudgington,95,A
180,Haroun Flucker,83,B
181,Nettle Jirick,94,A
182,Alyss Ussher,98,A
183,Stephen Linnett,93,A
184,Walt Streat,78,C
185,Ahmad Readie,88,B
186,Kyrstin Curteis,79,C
187,Jena Dessent,98,A
188,Allister Discombe,65,D
189,Gale Levi,44,F
190,Jarred Crambie,93,A
191,Vinson Jakov,80,B
192,Zollie Wheildon,77,C
193,Candis Barton,52,E
194,Colman Howarth,41,F
195,Dusty Clayill,49,F
196,Garvey Keuntje,51,E
197,Isaak Mucci,41,F
198,Harlan Clarke-Williams,32,F
199,Livia Storton,88,B
200,Rod Bunton,95,A
201,Selestina Seeborne,35,F
202,Shelley Cahill,33,F
203,Blane Raiston,39,F
204,Georgia Purshouse,91,A
205,Adda Altimas,97,A
206,Noell Boissier,40,F
207,Mohandas Stanlike,46,F
208,Julio Naismith,53,E
209,Lotta Boxall,30,F
210,Collete Antonovic,54,E
211,Rafi Treadaway,100,A
212,Papageno Lundbech,42,F
213,Doralynn Raun,80,B
214,Evvy Iacobassi,57,E
215,Adler Gerding,35,F
216,Retha Peaseman,81,B
217,Kaspar Rignoldes,90,A
218,Art McKeney,36,F
219,Jonas McKeney,33,F
220,Malena Klyner,64,D
221,Licha Vlies,33,F
222,Drusie Bowman,93,A
223,Brigit Negri,56,E
224,Wildon Marquess,88,B
225,Benedikta Fairpool,80,B
226,Tades Josilowski,69,D
227,Mirelle Blankau,66,D
228,Cassie Brute,43,F
229,Jamill Bucktrout,34,F
230,Siegfried Roches,95,A
231,Nariko Winfield,86,B
232,Liv Madre,86,B
233,Tobit Tosney,84,B
234,Onfre Hadlington,48,F
235,Boigie McMeekin,60,D
236,Deane Starie,67,D
237,Harley Jewitt,44,F
238,Salome Ounsworth,45,F
239,Almeda Langelaan,84,B
240,Gan Buckthought,97,A
241,Neville De Domenicis,97,A
242,Jacklyn Petras,55,E
243,Welsh Eldridge,75,C
244,Tallia Tomkins,58,E
245,Rebekah Gear,63,D
246,Rodie Pyser,47,F
247,Leia Vaughton,99,A
248,Henryetta Mallalieu,69,D
249,Isabelita Lumsdaine,90,A
250,Keeley Hacket,45,F
251,Bridget Florence,78,C
252,Niccolo Myrkus,31,F
253,Wilden De Cristofalo,33,F
254,Hewet Tilt,36,F
255,Hayyim Treasure,36,F
256,Aridatha Bettanay,62,D
257,Ulises Hadwick,41,F
258,Reg O'Lennachain,80,B
259,Nikki Gipson,88,B
260,Allie Breward,75,C
261,Ann-marie Caulfield,72,C
262,Clare Marielle,65,D
263,Vitoria Dybbe,72,C
264,Silas Fendlow,62,D
265,Cyrille Mangenet,67,D
266,Sharline Jindrak,71,C
267,Celisse Fourman,84,B
268,Jacynth Logsdail,44,F
269,Carroll Rousell,53,E
270,Kirbie Lightowler,69,D
271,King Schelle,42,F
272,Rodney Sawday,37,F
273,Florenza Puckring,87,B
274,Ariadne Blenkinsop,60,D
275,Fancie Kiehnlt,73,C
276,Ava Tabb,99,A
277,Wilow Jockle,31,F
278,Corrine Locks,95,A
279,Bibbye Halleybone,40,F
280,Georgianne Cadman,73,C
281,Allie Tunsley,58,E
282,Matilde Standish,100,A
283,Concettina Clemendot,31,F
284,Cristal Buddles,87,B
285,Corbin McIlvaney,62,D
286,Gery Arkcoll,63,D
287,Jayne Minard,61,D
288,Gallard MacTavish,40,F
289,Derril Francomb,49,F
290,Lauryn Spilisy,98,A
291,Webster Stedman,58,E
292,Trip Alphege,58,E
293,Agnesse Blaw,33,F
294,Ferne Catonne,61,D
295,Randy Abden,83,B
296,Burt Tofanelli,86,B
297,Mirabella Aslen,42,F
298,Mignon Lazenby,38,F
299,Holli Schulter,64,D
300,Brittney Tunaclift,58,E
301,Nickie Hulmes,45,F
302,Onfroi Challoner,56,E
303,Morten Conquer,34,F
304,Krystle Seemmonds,68,D
305,Barbette Fice,56,E
306,Ammamaria Skelding,48,F
307,Lynett Barrand,75,C
308,Hebert Rosini,45,F
309,Sissy Spino,94,A
310,Rudyard Shevill,74,C
311,Jeanine Bolle,41,F
312,Anson Tawn,53,E
313,Orson Izhakov,36,F
314,Kaitlynn Killcross,90,A
315,Casey Sakins,38,F
316,Normand Ghost,85,B
317,Anni Brightie,49,F
318,Dunstan Reijmers,79,C
319,Dara Mostyn,73,C
320,Cornall Lotte,32,F
321,Eryn Hartfield,79,C
322,Garrett Pavlik,50,E
323,Boy Osmund,82,B
324,Kilian Labrenz,96,A
325,Joycelin Ginnell,45,F
326,Cathrine Rosenau,36,F
327,Maggi McCurtain,99,A
328,Daisi Gunnell,38,F
329,Cristen Fillon,100,A
330,Corette Brosh,82,B
331,Matelda de Pinna,64,D
332,Dan Peatt,46,F
333,Juliet Elderidge,45,F
334,Carmen Klosser,88,B
335,Sibyl Bradnum,72,C
336,Morty Keaveny,60,D
337,Jermayne Martinelli,98,A
338,Stuart Hymus,33,F
339,Minny Grogona,58,E
340,Martha Haslewood,98,A
341,Kalinda Marielle,32,F
342,Sherlocke Jakovijevic,34,F
343,Stanley MacKereth,50,E
344,Gusella Pettis,39,F
345,Kelcie Mackleden,91,A
346,Tuck Blacktin,56,E
347,Huey Gregson,77,C
348,Miran Stowgill,73,C
349,Ellissa Raffeorty,48,F
350,Axel Philliskirk,54,E
351,Tiebout Frayling,69,D
352,Brandon Maginn,66,D
353,Holly Norcross,49,F
354,Carroll Twort,73,C
355,Morganne Haskur,64,D
356,Celia Connue,54,E
357,Jesus Figures,95,A
358,Madella Linfield,99,A
359,Dulcea Jayume,85,B
360,Rafe Newman,38,F
361,Oona Toping,55,E
362,Langsdon Fullard,66,D
363,Jane Aireton,58,E
364,Chevalier Rudloff,67,D
365,Ragnar Sember,83,B
366,Kylen Shelmardine,40,F
367,Fabian Rubes,89,B
368,Avigdor Starr,35,F
369,Erica Hollyer,55,E
370,Kira O'Drought,41,F
371,Herbert Borley,63,D
372,Terrill McAneny,97,A
373,Arne Barz,90,A
374,Morty Gillman,45,F
375,Arlyn Rantoul,95,A
376,Brana Corbett,71,C
377,Andrea Joannic,99,A
378,Layton Brambill,47,F
379,Xenia McKennan,82,B
380,Oswald Raeburn,33,F
381,Gus Goldingay,91,A
382,Daryn Fullard,31,F
383,Ogden Pirolini,50,E
384,Jada Briant,62,D
385,Thorin Boulden,33,F
386,Eleni Canedo,87,B
387,Karleen Newburn,50,E
388,Retha Machans,35,F
389,Chadd Vanstone,87,B
390,Frasco Cush,36,F
391,Drud Le Fevre,59,E
392,Daisy Cockshot,59,E
393,Odelle Brockie,46,F
394,Olivia Fort,92,A
395,Cristabel Flucker,92,A
396,Trisha Rickard,97,A
397,Neill Banaszczyk,87,B
398,Ansley Harry,67,D
399,Iris Targe,97,A
400,Willi Beau,79,C
401,Faye Edlington,92,A
402,Englebert Lishmund,39,F
403,Mace Josephsen,57,E
404,Fern Ferraraccio,67,D
405,Roxine Daine,86,B
406,Dex Collick,75,C
407,Luke Carr,76,C
408,Vivienne Dake,33,F
409,Cindra Ferrotti,43,F
410,Drusilla Gilley,85,B
411,Meggie Lighten,46,F
412,Tarrance Shearmer,84,B
413,Kat Lynd,37,F
414,Hatti Jessel,89,B
415,Henri Frensche,37,F
416,Adora Chadbourne,59,E
417,Correy Tunny,85,B
418,Jinny Kohring,46,F
419,Ibbie Manwell,97,A
420,Anallise Oswal,58,E
421,Lucienne Hansard,38,F
422,Gloriana Jewise,61,D
423,Knox Arrighetti,88,B
424,Lexie Rushby,60,D
425,Jocelyne Morch,51,E
426,Sharai Mallows,47,F
427,Katerine Battye,36,F
428,Howey Hickford,53,E
429,Helene Dorricott,39,F
430,Viola Dewey,83,B
431,Sheelah Dunkerk,83,B
432,Ephraim Reynoollds,60,D
433,Hervey Fishly,71,C
434,Ermanno McConnal,70,C
435,Jessie Abramski,90,A
436,Gayelord Churms,89,B
437,Claudette Dymott,100,A
438,Town Bischof,71,C
439,Lindsey Mumbray,88,B
440,Packston Steagall,59,E
441,Orazio Tschiersch,39,F
442,Adriaens Klemmt,53,E
443,Barbie McBryde,93,A
444,Armand Graddell,93,A
445,Cassaundra Renard,59,E
446,Anthe McCobb,72,C
447,Milena MacConnell,43,F
448,Claiborn Feeny,40,F
449,Steffen Arrell,49,F
450,Lark Baff,51,E
451,Granger Feehery,95,A
452,Betty Augur,47,F
453,Adler Readett,46,F
454,Yorker Faichnie,70,C
455,Sibylla Coupe,67,D
456,Meara Grinston,46,F
457,Guillaume Bilsborrow,40,F
458,Bernardina Cherry,82,B
459,Cairistiona Sketcher,98,A
460,Fidel Byfield,42,F
461,Giulio Pay,34,F
462,Madalena Eggerton,48,F
463,Titos Von Welden,84,B
464,Steffi Trineman,40,F
465,Edouard Caneo,71,C
466,Mag Kibbel,52,E
467,Nickie Heathcote,77,C
468,Vanya Baff,43,F
469,Alfie Pelerin,99,A
470,Josefina Lutsch,54,E
471,Starr Corry,82,B
472,Kathlin Brideau,90,A
473,Micah Allenson,55,E
474,Amandi Reilinger,97,A
475,Orazio Wesker,82,B
476,Roberta Jozefowicz,34,F
477,Kirbie Pierpoint,32,F
478,Elinore Threlfall,35,F
479,Melany Elsip,95,A
480,Ferdinand Mulbery,88,B
481,Lorrin Le Marquand,96,A
482,Stacee Raymont,62,D
483,Virgie Stringfellow,86,B
484,Rudiger Aery,71,C
485,Pippa Waller-Bridge,94,A
486,Marylynne Aronsohn,85,B
487,Basil Bagworth,49,F
488,Sidonia Crichley,80,B
489,Petr Chapelle,91,A
490,Paulette Gonnard,31,F
491,Shirline Boddy,84,B
492,Marwin Gass,76,C
493,Jess Stokes,67,D
494,Jabez Overstall,59,E
495,Florance McKibbin,59,E
496,Douglass Joicey,63,D
497,Alasteir Emberton,34,F
498,Osbourn Trower,51,E
499,Joyan Trase,89,B
500,Oby Bulloch,52,E
501,Cati Edgeley,39,F
502,Myrle Weson,79,C
503,Corinne Mordan,89,B
504,Bathsheba Weymont,31,F
505,Nelli Fifield,38,F
506,Noell Bubbear,67,D
507,Alameda Belden,99,A
508,Harland Currall,40,F
509,Stormi Hovard,50,E
510,Gunther Creyke,77,C
511,Abbi Extence,89,B
512,Culley Townson,53,E
513,Foster Larwell,92,A
514,Ameline Seabon,32,F
515,Barth Courtliff,82,B
516,Inger Hickinbottom,34,F
517,Marthena Kenwell,72,C
518,Casey Huitt,83,B
519,Northrop Weeks,93,A
520,Teddy Dellow,35,F
521,Quintin Ranklin,77,C
522,Ginger Jobern,48,F
523,Bekki Getch,99,A
524,Eleanora Danne,86,B
525,Haley Mowday,77,C
526,Diandra Bosson,34,F
527,Warden Griffiths,63,D
528,Jess Lilion,53,E
529,Casey Simonsen,33,F
530,Rania Wilkennson,45,F
531,Elijah Pelerin,81,B
532,Emelen Fulham,31,F
533,Toma Give,75,C
534,Erica Jenken,67,D
535,Aleda Dumpleton,58,E
536,Maxy Bremley,37,F
537,Herby Alenichicov,36,F
538,Grissel Mattys,86,B
539,Lorena Rackham,69,D
540,Jacky Hooks,46,F
541,Catha Barrim,74,C
542,Sauveur Amorts,46,F
543,Templeton Kirkness,57,E
544,Paddy Lombardo,50,E
545,Gerri Titcom,46,F
546,Corabel Sumbler,38,F
547,Johny Runcie,65,D
548,Gun Bezzant,94,A
549,Nadiya Gammon,39,F
550,Alidia Blacket,62,D
551,Conan Guttridge,59,E
552,Orelle Molder,50,E
553,Ulrica Kamena,45,F
554,Julita Mackerness,93,A
555,Ileana Cottier,67,D
556,Wes Raeside,93,A
557,Desiri Salthouse,61,D
558,Karil Plinck,68,D
559,Esmaria MacKeever,43,F
560,Marcellus Rosbrough,54,E
561,Cherlyn Peskin,93,A
562,George Basek,68,D
563,Joann Leversha,76,C
564,Ninetta Welsh,90,A
565,Ogdan Adamiak,37,F
566,Vivie Ebenezer,58,E
567,Grier Langfield,65,D
568,Candis Pellington,100,A
569,Willette Stamps,70,C
570,Hort Witherby,62,D
571,Clare Roalfe,52,E
572,Bar Gledhall,36,F
573,Michaela Goddert.sf,63,D
574,Ashley Ivashkov,80,B
575,Joeann Dauncey,88,B
576,Berke McCarlich,56,E
577,Fidela Adamo,100,A
578,Hildagard McGauhy,43,F
579,Martguerita Weaving,30,F
580,Lonnard Garralts,47,F
581,Berk Van den Broek,34,F
582,Trudi Dell Casa,74,C
583,Cletis Christophle,65,D
584,Terra Quaintance,87,B
585,Georas McCurdy,71,C
586,Marjory Haskell,48,F
587,Bree Blaszczak,65,D
588,Sinclare McCandie,78,C
589,Glenna Marriott,38,F
590,Carla Foad,53,E
591,Hall Scarlin,98,A
592,Ana Madison,46,F
593,Josey Patterson,70,C
594,Malanie Boobier,55,E
595,Sascha Pixton,48,F
596,Edin Gorke,87,B
597,Elita Meeland,78,C
598,Jeanette O'Currane,91,A
599,Nealon Yanez,44,F
600,Jerrilee Bachman,96,A
601,Jenine Fernao,55,E
602,Lani Crowest,95,A
603,Michale Exall,55,E
604,Lyon Berr,36,F
605,Hatty Macer,33,F
606,Zackariah Liddell,94,A
607,Ramona Hughlin,64,D
608,Karleen Gaywood,71,C
609,Gibbie Mardy,58,E
610,Marlo Fearn,60,D
611,Harwell Lauchlan,30,F
612,Cameron Lindsay,77,C
613,Larry Oxborough,77,C
614,Imelda Acors,100,A
615,Darlleen O'Keeffe,69,D
616,Rhona Jarnell,98,A
617,Grantley McDonagh,73,C
618,Eadie Clingoe,79,C
619,Farrand Kydd,70,C
620,Ellsworth Pegrum,35,F
621,Peirce Petschel,77,C
622,Quintana Austick,92,A
623,Devi Iglesias,63,D
624,Rosalinda Donaway,65,D
625,Stefanie Ughetti,85,B
626,Pauly Mixworthy,36,F
627,Henderson Jovey,62,D
628,Thomasine Neeves,42,F
629,Niki Wolfinger,35,F
630,Daveta Whitmore,93,A
631,Suellen Tuffley,49,F
632,Svend Flag,46,F
633,Katey Wallwood,32,F
634,Tabbi Grandison,47,F
635,Rici Josephy,74,C
636,Stillmann Crevagh,70,C
637,Alfons Mc Kellen,80,B
638,Lita Wellesley,48,F
639,Franny Hubert,56,E
640,Edie Ewins,55,E
641,Eugene Goves,62,D
642,Fidelio Koene,49,F
643,Breanne Hughs,90,A
644,Gabriel Duncan,40,F
645,Gilberta Bleasdale,99,A
646,Athene Escale,41,F
647,Sandro Tremollet,39,F
648,Gizela Le Frank,94,A
649,Shay Fanton,52,E
650,Poppy Bumby,32,F
651,Skippy Garnam,52,E
652,Mollee O'Doohaine,66,D
653,Robinetta Redihalgh,65,D
654,Curcio MacMakin,58,E
655,Kerrie MacAnespie,59,E
656,Britney Lomb,36,F
657,Katusha White,92,A
658,Kira Bennie,35,F
659,Cassandra McGonnell,98,A
660,Hewett Tilio,43,F
661,Alexine Ayshford,96,A
662,Quinn Marran,47,F
663,Gerrilee Pine,97,A
664,Dedra Skellon,90,A
665,Carlee Ellicott,97,A
666,Fair Enderwick,66,D
667,Collete Dybald,84,B
668,Gertrude Hastilow,30,F
669,Lek Posselow,93,A
670,Virge Fusco,81,B
671,Kennett McKerron,75,C
672,Selie Silverman,81,B
673,Myrtice Walby,90,A
674,Theodore Eneas,99,A
675,Allen Saltman,80,B
676,Jeremias Upham,94,A
677,Sadie Laidler,46,F
678,Tilda Ramalho,37,F
679,Winfield Lowry,62,D
680,Flory Shute,31,F
681,Joelly Sillick,78,C
682,Bebe Ciotto,65,D
683,Mitchael Dorbin,82,B
684,Jessalin Crouch,48,F
685,Marie Gawthorp,84,B
686,Arleta Sparkwill,58,E
687,Brinn Ingree,82,B
688,Aloisia Sanz,96,A
689,Trixi Nicholls,44,F
690,Leslie Brafield,33,F
691,Amalle Arias,84,B
692,Charley Leband,92,A
693,Lew Zealey,61,D
694,Erica Stookes,40,F
695,Lorens Coale,85,B
696,Phebe Curtois,34,F
697,Fraser Swyn,90,A
698,Aubree Limpenny,39,F
699,Ario Aiston,64,D
700,Minnaminnie Paish,35,F
701,Bianka Akers,52,E
702,Torry Duchatel,63,D
703,Shelby Duigenan,97,A
704,Reggis Hargerie,94,A
705,Valenka Kiln,90,A
706,Hernando Purdie,49,F
707,Amos Penwell,46,F
708,Bobine Calder,38,F
709,Rowland McBrady,87,B
710,Leonhard Epton,42,F
711,Nona Naylor,68,D
712,Pierson Grodden,64,D
713,Anallise Thompsett,77,C
714,Thomasine Cyphus,75,C
715,Silva Seeborne,88,B
716,Devinne Ruggier,53,E
717,Frederic Barthel,94,A
718,Tobiah Culy,55,E
719,Dianna Manby,54,E
720,Bibi Linklater,83,B
721,Caron Bartels,82,B
722,Dyanna Budgen,48,F
723,Berte Weeds,66,D
724,Palm Mannin,87,B
725,Isidro Rattry,50,E
726,Randall Humpage,53,E
727,Sargent Tidridge,41,F
728,Tedra Keymar,58,E
729,Phillida Tace,52,E
730,Silva Foulstone,81,B
731,Margo Hastwall,64,D
732,Shirlene Bolwell,89,B
733,Dusty Kohen,85,B
734,Gary Jaksic,35,F
735,Aubert Whittaker,78,C
736,Timothea Randales,75,C
737,Yule Peterson,75,C
738,Theda Edmett,79,C
739,Dorisa Pleat,32,F
740,Lorrie Coppeard,51,E
741,Shalne Yuryev,63,D
742,Blakelee Brittian,46,F
743,Mada Burnup,60,D
744,Katrine Jedrych,58,E
745,Torr Lunt,39,F
746,Zed Suerz,77,C
747,Joannes Baylie,60,D
748,Micky Larmouth,33,F
749,Tyler Slatter,51,E
750,Abra Vynehall,53,E
751,Shirlene Skough,46,F
752,Nickolas Lyston,86,B
753,Sidoney Cassar,87,B
754,Perren Hurl,44,F
755,Marti Luddy,93,A
756,Aleen Jeanequin,93,A
757,Locke Rosander,82,B
758,Cynthie Bauldrey,81,B
759,Merna Newberry,43,F
760,Jonas Cantero,39,F
761,Kizzee Gavini,46,F
762,Judi Oaker,100,A
763,Gael Vogl,84,B
764,Loise Cleere,77,C
765,Trenton Strete,46,F
766,Hedvige Chark,64,D
767,Tedra Awcock,49,F
768,Hank Hercules,38,F
769,Allen Thurbon,51,E
770,Morganica Melpuss,99,A
771,Winthrop Houseman,63,D
772,Ludovico Laban,42,F
773,Durward McGruar,97,A
774,Lacie Troyes,40,F
775,Vonny Vallantine,59,E
776,Dianna Curran,40,F
777,Tadd Poland,83,B
778,Dominica Rickson,62,D
779,Seumas Duchan,43,F
780,Daren Couves,32,F
781,Nessi Spat,80,B
782,Ozzy Pankethman,61,D
783,Matthew Sheal,70,C
784,Raina Verrell,53,E
785,Shayne Dulton,78,C
786,Tann Keith,90,A
787,Corrie Walsham,49,F
788,Stearn Gerok,42,F
789,Marcie Troy,53,E
790,Rubie Traite,80,B
791,Jane Tellenbrok,45,F
792,Alberto Grombridge,85,B
793,Tamara Baldrey,97,A
794,Liesa Widger,84,B
795,Allie Foxall,91,A
796,Rod Feldhammer,64,D
797,Kalle Beynke,38,F
798,Care Goroni,69,D
799,Willie Grogan,64,D
800,Nicolina Bunnell,85,B
801,Alwin Kneal,66,D
802,Garfield Fields,51,E
803,Fifine Bolter,100,A
804,Marguerite Streeter,47,F
805,Vivienne Derill,34,F
806,Berke Abrahamsohn,42,F
807,Maud Lemmertz,62,D
808,Blanch Cafferty,30,F
809,Lexine Stirgess,76,C
810,Cammy Labusch,92,A
811,Ninon Ugolotti,50,E
812,Haley Goldspink,54,E
813,Renelle Bleazard,78,C
814,Tanitansy Tabart,39,F
815,Addison Vain,91,A
816,Ignacius Lodewick,41,F
817,Minda Woodcroft,56,E
818,Modesty Clendinning,73,C
819,Waylan Leeves,48,F
820,Tyrus Brissard,34,F
821,Ruthanne Barok,36,F
822,Aloise Dinsmore,90,A
823,Fayth Rawsen,49,F
824,Shell Balk,97,A
825,Eba Drivers,98,A
826,Eugen Aughton,51,E
827,Gasparo Fursse,63,D
828,Cal Ludlam,62,D
829,Elaina Izat,85,B
830,Arne Balffye,58,E
831,Fremont MacMeekan,67,D
832,Merell Kleinplac,64,D
833,Bing Chessel,94,A
834,Aldon Tomlins,84,B
835,Truda Benoit,98,A
836,Chancey Chapman,74,C
837,Caz Rickman,84,B
838,Nicola Smees,37,F
839,Nertie Shilvock,83,B
840,Joshia Domoni,89,B
841,Auria Silberschatz,39,F
842,Darda Fasey,84,B
843,Worthy Senogles,84,B
844,Linea Swithenby,63,D
845,Ozzie Giffen,97,A
846,Edgardo Joust,82,B
847,Garry Kiddie,35,F
848,Cheston Bodker,73,C
849,Cleve Tale,44,F
850,Noel Caygill,71,C
851,Katinka Weson,96,A
852,Ruby Abramovici,62,D
853,Rolfe Blemings,54,E
854,Hetty Croney,90,A
855,Wallie Cousin,87,B
856,Birch Rossin,50,E
857,Angil McIvor,97,A
858,Gregor Rutland,87,B
859,Neilla Cooch,70,C
860,Cher Barnwall,34,F
861,Walker Theobold,81,B
862,Kerrin Ling,43,F
863,Phyllida Davioud,53,E
864,Eloisa Dilworth,43,F
865,Celie Roche,63,D
866,Ericka Bill,84,B
867,Dell Meininking,42,F
868,Nikolos Iwanicki,40,F
869,Avis Oman,48,F
870,Pall Lindemann,67,D
871,Allie Butterfint,89,B
872,Inesita Dedam,91,A
873,Timothea Levee,76,C
874,Ricky Twizell,34,F
875,Cordie Standage,78,C
876,Nichol Stile,49,F
877,Jemima Winkle,80,B
878,Rosene Mathou,70,C
879,Osmond Romney,79,C
880,Birdie Dominick,81,B
881,Rockwell Probat,52,E
882,Merci Dongles,38,F
883,Lowrance Iori,97,A
884,Windham Huertas,39,F
885,Sherlock Summerell,54,E
886,Lexy Donahue,68,D
887,Eberto Yuryshev,46,F
888,Aldous Sharma,66,D
889,Anestassia Fenty,34,F
890,Sandra Mawhinney,95,A
891,Herminia Chopping,65,D
892,Annora Biesinger,72,C
893,Durante Castanho,78,C
894,Florenza Plenderleith,48,F
895,Eolande Symon,42,F
896,Patti Botterell,39,F
897,Teddie Laughlan,31,F
898,Anallise Petrillo,34,F
899,Edgar Carless,72,C
900,Ossie Miklem,93,A
901,Marna Colwell,74,C
902,Gina Tierney,60,D
903,Chiarra Nicholl,72,C
904,Harold Seeley,46,F
905,Matthus Lotwich,57,E
906,Kyle Rubica,47,F
907,Sibylle Manshaw,65,D
908,Elli Shaxby,88,B
909,Angelle MacTimpany,96,A
910,Gabriell Eathorne,84,B
911,Lucas Goodyer,86,B
912,Jessee Sculley,75,C
913,Kerstin Posen,84,B
914,Willdon Magner,38,F
915,Tracey Burgher,66,D
916,Jobi Wearne,49,F
917,Ivy Morshead,33,F
918,Sallyann Rogan,52,E
919,Blondie Rulten,49,F
920,Clarie Goodoune,99,A
921,Dorolice Wither,42,F
922,Fidela Maynard,74,C
923,Marchelle Hackworthy,51,E
924,Freida Rospars,93,A
925,Banky Ferrierio,39,F
926,Shaun Dicken,70,C
927,Kelsey Jeckell,48,F
928,Brion Jouhandeau,92,A
929,Gaston Sushams,41,F
930,Durant Tytler,95,A
931,Gill Meineck,39,F
932,Ainslie Bucklan,70,C
933,Mariana Petrollo,99,A
934,Vallie Scholz,83,B
935,Dolf Crolly,34,F
936,Rebbecca Alty,60,D
937,Isadore Lune,42,F
938,Wyatan Batho,63,D
939,Leeanne Guidotti,51,E
940,Ofelia Penas,61,D
941,Lauryn Pobjay,86,B
942,Terri Ternott,84,B
943,Karlik Marcussen,81,B
944,Jinny Lindsey,87,B
945,Quincey Vannuccini,43,F
946,Nariko Duthie,70,C
947,Miller Tax,89,B
948,Preston Boyford,97,A
949,Bellanca Domokos,74,C
950,Rafa Rehor,42,F
951,Hermon Lindroos,85,B
952,Fredrick Sextie,51,E
953,Reinhold Burgoyne,42,F
954,Dionis Gazey,34,F
955,Kean Bernt,55,E
956,Derrik Karran,42,F
957,Constancy Sphinxe,55,E
958,Jarib Tibald,54,E
959,Sigismondo Reims,85,B
960,Gerrard Twidale,65,D
961,Mona Forshaw,99,A
962,Beltran Balassi,72,C
963,Patrice Fusedale,72,C
964,Eleonora Farrants,63,D
965,Skippie Ratnege,61,D
966,Elena Hasker,53,E
967,Almire Oosthout de Vree,75,C
968,Violette Kenningham,85,B
969,Morris Elcocks,74,C
970,Quintilla McCerery,83,B
971,Clari Newlan,62,D
972,Lenette Kermon,33,F
973,Misha Malzard,75,C
974,Cece Bartelli,45,F
975,Liliane Plenderleith,47,F
976,Konstanze Velten,97,A
977,Fanchette Deverall,72,C
978,Maison Gilburt,33,F
979,Malinde Dyne,64,D
980,Liam Harsnep,43,F
981,Lindsay Colman,91,A
982,Flint Clynman,45,F
983,Brit Perkin,89,B
984,Rich Posthill,55,E
985,Anita Victory,39,F
986,Clerissa Screech,41,F
987,Mirelle Tichner,31,F
988,Ange Senecaux,47,F
989,Helena Blague,75,C
990,Timothee Candish,39,F
991,Bat Cheasman,91,A
992,Marylin Tunmore,39,F
993,Erie Canton,47,F
994,Erma Goosey,61,D
995,Javier Crevy,32,F
996,Halimeda Brazener,97,A
997,Daisey Hyndley,100,A
998,Kennett Aldwick,90,A
999,Tarah Robilliard,49,F
1000,Clare Eastbrook,77,C
